{
  "height": 620.02436053593181,
  "tabOrder": 1000,
  "width": 1280.3897685749087,
  "x": 0,
  "y": 92.08282582216809,
  "z": 1000
}