{
  "height": 619.90243902439022,
  "tabOrder": 1000,
  "width": 576,
  "x": 0,
  "y": 100.09756097560977,
  "z": 1000
}