{
  "height": 614.762484774665,
  "tabOrder": 1000,
  "width": 1272.4969549330085,
  "x": 7.8928136419001218,
  "y": 91.205846528623638,
  "z": 2000
}