{
  "height": 473.56881851400732,
  "tabOrder": 1000,
  "width": 1122.5334957369062,
  "x": 0,
  "y": 0,
  "z": 0
}