{
  "height": 30.629558056653433,
  "tabOrder": 12000,
  "width": 39.993369030690275,
  "x": 595.83744751128825,
  "y": 1.9752162730886131,
  "z": 9500
}