{
  "height": 44.725943970767361,
  "tabOrder": 5000,
  "width": 113.13032886723508,
  "x": 370.08526187576126,
  "y": 44.725943970767361,
  "z": 5000
}