{
  "height": 31.571254567600487,
  "tabOrder": 5000,
  "width": 116.63824604141291,
  "x": 938.36784409257007,
  "y": 4.38489646772229,
  "z": 5000
}