{
  "height": 88.435374149659893,
  "tabOrder": 3000,
  "width": 599.87002839260708,
  "x": 0,
  "y": 0,
  "z": 4000
}