{
  "height": 44.780487804878049,
  "tabOrder": 7000,
  "width": 117.65853658536587,
  "x": 946.53658536585374,
  "y": 43.024390243902438,
  "z": 7000
}