{
  "height": 44.725943970767361,
  "tabOrder": 6000,
  "width": 143.8246041412911,
  "x": 746.30937880633383,
  "y": 44.725943970767361,
  "z": 6000
}