{
  "height": 149.81640146878826,
  "tabOrder": 1000,
  "width": 400.97919216646267,
  "x": 107.51529987760098,
  "y": 234.41860465116281,
  "z": 1000
}