{
  "height": 149.54455445544554,
  "width": 683.08910891089113,
  "x": 0,
  "y": 32.950495049504951,
  "z": 0
}