{
  "height": 578.63414634146341,
  "tabOrder": 1000,
  "width": 1280.1951219512196,
  "x": 0,
  "y": 131.70731707317074,
  "z": 2000
}