{
  "height": 43.8489646772229,
  "tabOrder": 2000,
  "width": 145.57856272838004,
  "x": 37.710109622411693,
  "y": 42.095006090133985,
  "z": 3000
}