{
  "height": 44.725943970767361,
  "tabOrder": 4000,
  "width": 113.13032886723508,
  "x": 358.68453105968331,
  "y": 43.8489646772229,
  "z": 5000
}