{
  "height": 38.634146341463413,
  "tabOrder": 5000,
  "width": 182.63414634146343,
  "x": 518.92682926829275,
  "y": 45.658536585365859,
  "z": 5000
}