{
  "height": 44.725943970767361,
  "tabOrder": 7000,
  "width": 117.51522533495738,
  "x": 924.33617539585873,
  "y": 42.971985383678444,
  "z": 7000
}