{
  "height": 115.76126674786846,
  "tabOrder": 6000,
  "width": 249.93909866017054,
  "x": 1030.4506699147382,
  "y": 92.08282582216809,
  "z": 6000
}