{
  "height": 502.2439024390244,
  "tabOrder": 1000,
  "width": 1280.1951219512196,
  "x": 0,
  "y": 208.09756097560975,
  "z": 1000
}