{
  "height": 44.725943970767361,
  "tabOrder": 8000,
  "width": 117.51522533495738,
  "x": 910.3045066991474,
  "y": 46.479902557856278,
  "z": 8000
}