{
  "height": 35.079171741778318,
  "tabOrder": 4000,
  "width": 71.912302070645552,
  "x": 1208.4774665042632,
  "y": 0,
  "z": 4000
}