{
  "height": 44.413214714607911,
  "width": 1280.3897685749087,
  "x": 0,
  "y": 0,
  "z": 0
}