{
  "height": 44.413214714607911,
  "tabOrder": 2000,
  "width": 1280.3897685749087,
  "x": 0,
  "y": 45.602923264311819,
  "z": 0
}