{
  "height": 615.63946406820958,
  "tabOrder": 1000,
  "width": 1272.4969549330085,
  "x": 0,
  "y": 91.205846528623638,
  "z": 2000
}