{
  "height": 89.451887941534721,
  "tabOrder": 4000,
  "width": 328.86723507917173,
  "x": 682.28989037758834,
  "y": 183.28867235079173,
  "z": 5000
}