{
  "height": 89.451887941534721,
  "tabOrder": 2000,
  "width": 328.86723507917173,
  "x": 172.76492082825823,
  "y": 183.28867235079173,
  "z": 3000
}