{
  "height": 42.095006090133985,
  "tabOrder": 9000,
  "width": 134.17783191230208,
  "x": 1055.006090133983,
  "y": 45.602923264311819,
  "z": 9000
}