{
  "height": 42.095006090133985,
  "tabOrder": 6000,
  "width": 180.65773447015835,
  "x": 517.41778319123023,
  "y": 48.233861144945195,
  "z": 6000
}