{
  "height": 31.571254567600487,
  "tabOrder": 10000,
  "width": 95.590742996345924,
  "x": 959.41534713763713,
  "y": 4.38489646772229,
  "z": 11000
}