{
  "height": 44.707668944571,
  "tabOrder": 7000,
  "width": 116.62870159453304,
  "x": 890.26575550493556,
  "y": 43.735763097949892,
  "z": 8000
}