{
  "height": 44.707668944571,
  "tabOrder": 8000,
  "width": 117.60060744115415,
  "x": 916.50721336370543,
  "y": 46.651480637813215,
  "z": 8000
}