{
  "height": 35.079171741778318,
  "tabOrder": 10000,
  "width": 71.912302070645552,
  "x": 1208.0876979293544,
  "y": 0,
  "z": 10000
}