{
  "height": 44.707668944571,
  "tabOrder": 12000,
  "width": 117.60060744115415,
  "x": 1090.4783599088839,
  "y": 43.735763097949892,
  "z": 12000
}