{
  "height": 220.790273556231,
  "tabOrder": 1000,
  "width": 638.05471124620067,
  "x": 627.355623100304,
  "y": 59.331306990881458,
  "z": 1000
}