{
  "height": 43.902439024390247,
  "tabOrder": 3000,
  "width": 145.7560975609756,
  "x": 38.634146341463413,
  "y": 43.902439024390247,
  "z": 3000
}