{
  "height": 114.00730816077954,
  "tabOrder": 9000,
  "width": 320.97442143727164,
  "x": 0,
  "y": 92.08282582216809,
  "z": 8000
}