{
  "height": 37.986803624118231,
  "width": 39.537933234224873,
  "x": 1072.1758113531603,
  "y": 6.75799915549125,
  "z": 16500
}