{
  "height": 29.817295980511574,
  "tabOrder": 9000,
  "width": 153.47137637028015,
  "x": 1055.006090133983,
  "y": 4.38489646772229,
  "z": 9000
}