{
  "height": 40.341047503045068,
  "tabOrder": 10000,
  "width": 127.16199756394641,
  "x": 1140.9500609013398,
  "y": 47.356881851400736,
  "z": 10000
}