{
  "height": 221.77024482109226,
  "tabOrder": 7000,
  "width": 599.6053506148221,
  "x": 0,
  "y": 0,
  "z": 0
}