{
  "height": 115.76126674786846,
  "tabOrder": 7000,
  "width": 328.86723507917173,
  "x": 712.98416565164439,
  "y": 90.328867235079173,
  "z": 7000
}