{
  "height": 43.902439024390247,
  "tabOrder": 11000,
  "width": 165.07317073170734,
  "x": 47.414634146341463,
  "y": 43.902439024390247,
  "z": 11000
}