{
  "height": 38.868184955141473,
  "tabOrder": 2000,
  "width": 1280,
  "x": 0,
  "y": 51.503265010766178,
  "z": 0
}