{
  "height": 354.39707673568819,
  "tabOrder": 2000,
  "width": 1280.3897685749087,
  "x": 0,
  "y": 47.623386484434327,
  "z": 0
}