{
  "height": 36.740906828516344,
  "tabOrder": 2000,
  "width": 37.44135539043107,
  "x": 562.31368928962218,
  "y": 0.68038716349104345,
  "z": 14500
}