{
  "height": 221.77024482109226,
  "tabOrder": 4000,
  "width": 600.22598870056493,
  "x": 18.171276216715761,
  "y": 58.625092095341074,
  "z": 4000
}