{
  "height": 45.67957479119211,
  "tabOrder": 6000,
  "width": 154.53302961275628,
  "x": 693.94077448747157,
  "y": 42.76385725132878,
  "z": 7000
}