{
  "height": 44.725943970767361,
  "tabOrder": 1000,
  "width": 113.13032886723508,
  "x": 370.96224116930574,
  "y": 2.102186662235674,
  "z": 8001
}