{
  "height": 192.58358662613983,
  "tabOrder": 7000,
  "width": 637.08206686930089,
  "x": 627.355623100304,
  "y": 288.87537993920972,
  "z": 7000
}