{
  "height": 95.687176538240365,
  "tabOrder": 5000,
  "width": 600,
  "x": 0,
  "y": 0.90747691643289152,
  "z": 2000
}