{
  "height": 31.571254567600487,
  "tabOrder": 11000,
  "width": 108.74543239951279,
  "x": 946.26065773447021,
  "y": 4.38489646772229,
  "z": 12000
}