{
  "height": 44.725943970767361,
  "tabOrder": 7000,
  "width": 143.8246041412911,
  "x": 743.67844092570044,
  "y": 46.479902557856278,
  "z": 7000
}