{
  "height": 613.7560975609756,
  "tabOrder": 1000,
  "width": 1280.1951219512196,
  "x": 0,
  "y": 96.585365853658544,
  "z": 1000
}