{
  "height": 108.47457627118644,
  "tabOrder": 6000,
  "width": 600.22598870056493,
  "x": 18.480853735091021,
  "y": 574.51349654739477,
  "z": 6000
}