{
  "height": 39.746981023576765,
  "tabOrder": 8000,
  "width": 40.483036227717079,
  "x": 560.13801035077631,
  "y": 0.73605520414031045,
  "z": 16000
}