{
  "height": 41.791951404707675,
  "tabOrder": 9000,
  "width": 134.123006833713,
  "x": 1064.2369020501139,
  "y": 44.707668944571,
  "z": 9000
}