{
  "height": 39.746981023576765,
  "tabOrder": 4000,
  "width": 40.483036227717079,
  "x": 561.3146828450316,
  "y": 0,
  "z": 15500
}