{
  "height": 89.451887941534721,
  "tabOrder": 5000,
  "width": 328.86723507917173,
  "x": 682.28989037758834,
  "y": 352.54567600487212,
  "z": 6000
}