{
  "height": 44.780487804878049,
  "tabOrder": 6000,
  "width": 144,
  "x": 751.609756097561,
  "y": 44.780487804878049,
  "z": 6000
}