{
  "name": "a9ee8db661a88069cc7a",
  "layouts": [
    {
      "id": 0,
      "position": {
        "x": 18.480853735091021,
        "y": 489.53386247769583,
        "z": 5000,
        "width": 600.22598870056493,
        "height": 77.137476459510353,
        "tabOrder": 5000
      }
    }
  ],
  "singleVisualGroup": {
    "displayName": "Group 5",
    "groupMode": 0
  }
}