{
  "height": 46.479902557856278,
  "tabOrder": 5000,
  "width": 140.31668696711327,
  "x": 511.27892813641904,
  "y": 42.971985383678444,
  "z": 6000
}