{
  "height": 43.8489646772229,
  "tabOrder": 4000,
  "width": 83.3130328867235,
  "x": 209.59805115712547,
  "y": 46.479902557856278,
  "z": 4000
}