{
  "height": 43.8489646772229,
  "tabOrder": 3000,
  "width": 83.3130328867235,
  "x": 204.33617539585873,
  "y": 42.971985383678444,
  "z": 4000
}