{
  "height": 38.587088915956151,
  "tabOrder": 5000,
  "width": 182.41169305724728,
  "x": 511.27892813641904,
  "y": 47.356881851400736,
  "z": 5000
}