{
  "height": 89.451887941534721,
  "tabOrder": 3000,
  "width": 328.86723507917173,
  "x": 172.76492082825823,
  "y": 344.65286236297203,
  "z": 4000
}