{
  "height": 77.137476459510353,
  "tabOrder": 5000,
  "width": 600.22598870056493,
  "x": 18.480853735091021,
  "y": 489.53386247769583,
  "z": 5000
}