{
  "height": 40,
  "tabOrder": 6000,
  "width": 40.45640855212141,
  "x": 559.76958014844354,
  "y": 0.9602067224943277,
  "z": 16500
}