{
  "height": 44.707668944571,
  "tabOrder": 1000,
  "width": 112.74107820804861,
  "x": 357.661351556568,
  "y": 0.36603287769480719,
  "z": 8001
}