{
  "height": 88.386691776522284,
  "tabOrder": 2000,
  "width": 600.22598870056493,
  "x": 18.480853735091021,
  "y": 393.30501309098497,
  "z": 2000
}