{
  "height": 192.58358662613986,
  "tabOrder": 13000,
  "width": 637.08206686930089,
  "x": 0,
  "y": 0,
  "z": 0
}