{
  "height": 720,
  "width": 377.26937269372695,
  "x": 22.140221402214021,
  "y": 0,
  "z": 0
}