{
  "height": 114.00730816077954,
  "tabOrder": 8000,
  "width": 342.89890377588307,
  "x": 351.66869671132764,
  "y": 92.08282582216809,
  "z": 9000
}