{
  "height": 473.56881851400732,
  "tabOrder": 6000,
  "width": 1122.5334957369062,
  "x": 70.158343483556635,
  "y": 85.943970767356888,
  "z": 1000
}