{
  "height": 39.372253609541723,
  "tabOrder": 10000,
  "width": 41.424047107503782,
  "x": 558.8019415930612,
  "y": 0,
  "z": 1000
}