{
  "height": 40.634920634920633,
  "tabOrder": 8000,
  "width": 1280,
  "x": 0,
  "y": 51.235334713595584,
  "z": 1000
}