{
  "height": 108.47457627118638,
  "tabOrder": 11000,
  "width": 600.225988700565,
  "x": 0,
  "y": 0,
  "z": 0
}