{
  "height": 43.8489646772229,
  "tabOrder": 3000,
  "width": 145.57856272838004,
  "x": 37.710109622411693,
  "y": 46.479902557856278,
  "z": 3000
}